Blog Title 1,Blog Text 1
Blog Title 2,Blog Text 2
Blog Title 3,Blog Text 3
Blog Title 4,Blog Text 4
Blog Title 5,Blog Text 5
Blog Title 6,Blog Text 6
Blog Title 7,Blog Text 7
Blog Title 8,Blog Text 8
Blog Title 9,Blog Text 9
Blog Title 10,Blog Text 10
Blog Title 11,Blog Text 11
Blog Title 12,Blog Text 12
Blog Title 13,Blog Text 13
Blog Title 14,Blog Text 14
Blog Title 15,Blog Text 15
Blog Title 16,Blog Text 16
Blog Title 17,Blog Text 17
Blog Title 18,Blog Text 18
Blog Title 19,Blog Text 19
Blog Title 20,Blog Text 20
Blog Title 21,Blog Text 21
Blog Title 22,Blog Text 22
Blog Title 23,Blog Text 23
Blog Title 24,Blog Text 24
Blog Title 25,Blog Text 25
Blog Title 26,Blog Text 26
Blog Title 27,Blog Text 27
Blog Title 28,Blog Text 28
Blog Title 29,Blog Text 29
Blog Title 30,Blog Text 30
Blog Title 31,Blog Text 31
Blog Title 32,Blog Text 32
Blog Title 33,Blog Text 33
Blog Title 34,Blog Text 34
Blog Title 35,Blog Text 35
Blog Title 36,Blog Text 36
Blog Title 37,Blog Text 37
Blog Title 38,Blog Text 38
Blog Title 39,Blog Text 39
Blog Title 40,Blog Text 40
Blog Title 41,Blog Text 41
Blog Title 42,Blog Text 42
Blog Title 43,Blog Text 43
Blog Title 44,Blog Text 44
Blog Title 45,Blog Text 45
Blog Title 46,Blog Text 46
Blog Title 47,Blog Text 47
Blog Title 48,Blog Text 48
Blog Title 49,Blog Text 49
Blog Title 50,Blog Text 50
Blog Title 51,Blog Text 51
Blog Title 52,Blog Text 52
Blog Title 53,Blog Text 53
Blog Title 54,Blog Text 54
Blog Title 55,Blog Text 55
Blog Title 56,Blog Text 56
Blog Title 57,Blog Text 57
Blog Title 58,Blog Text 58
Blog Title 59,Blog Text 59
Blog Title 60,Blog Text 60
Blog Title 61,Blog Text 61
Blog Title 62,Blog Text 62
Blog Title 63,Blog Text 63
Blog Title 64,Blog Text 64
Blog Title 65,Blog Text 65
Blog Title 66,Blog Text 66
Blog Title 67,Blog Text 67
Blog Title 68,Blog Text 68
Blog Title 69,Blog Text 69
Blog Title 70,Blog Text 70
Blog Title 71,Blog Text 71
Blog Title 72,Blog Text 72
Blog Title 73,Blog Text 73
Blog Title 74,Blog Text 74
Blog Title 75,Blog Text 75
Blog Title 76,Blog Text 76
Blog Title 77,Blog Text 77
Blog Title 78,Blog Text 78
Blog Title 79,Blog Text 79
Blog Title 80,Blog Text 80
Blog Title 81,Blog Text 81
Blog Title 82,Blog Text 82
Blog Title 83,Blog Text 83
Blog Title 84,Blog Text 84
Blog Title 85,Blog Text 85
Blog Title 86,Blog Text 86
Blog Title 87,Blog Text 87
Blog Title 88,Blog Text 88
Blog Title 89,Blog Text 89
Blog Title 90,Blog Text 90
Blog Title 91,Blog Text 91
Blog Title 92,Blog Text 92
Blog Title 93,Blog Text 93
Blog Title 94,Blog Text 94
Blog Title 95,Blog Text 95
Blog Title 96,Blog Text 96
Blog Title 97,Blog Text 97
Blog Title 98,Blog Text 98
Blog Title 99,Blog Text 99
Blog Title 100,Blog Text 100
Blog Title 101,Blog Text 101
Blog Title 102,Blog Text 102
Blog Title 103,Blog Text 103
Blog Title 104,Blog Text 104
Blog Title 105,Blog Text 105
Blog Title 106,Blog Text 106
Blog Title 107,Blog Text 107
Blog Title 108,Blog Text 108
Blog Title 109,Blog Text 109
Blog Title 110,Blog Text 110
Blog Title 111,Blog Text 111
Blog Title 112,Blog Text 112
Blog Title 113,Blog Text 113
Blog Title 114,Blog Text 114
Blog Title 115,Blog Text 115
Blog Title 116,Blog Text 116
Blog Title 117,Blog Text 117
Blog Title 118,Blog Text 118
Blog Title 119,Blog Text 119
Blog Title 120,Blog Text 120
Blog Title 121,Blog Text 121
Blog Title 122,Blog Text 122
Blog Title 123,Blog Text 123
Blog Title 124,Blog Text 124
Blog Title 125,Blog Text 125
Blog Title 126,Blog Text 126
Blog Title 127,Blog Text 127
Blog Title 128,Blog Text 128
Blog Title 129,Blog Text 129
Blog Title 130,Blog Text 130
Blog Title 131,Blog Text 131
Blog Title 132,Blog Text 132
Blog Title 133,Blog Text 133
Blog Title 134,Blog Text 134
Blog Title 135,Blog Text 135
Blog Title 136,Blog Text 136
Blog Title 137,Blog Text 137
Blog Title 138,Blog Text 138
Blog Title 139,Blog Text 139
Blog Title 140,Blog Text 140
Blog Title 141,Blog Text 141
Blog Title 142,Blog Text 142
Blog Title 143,Blog Text 143
Blog Title 144,Blog Text 144
Blog Title 145,Blog Text 145
Blog Title 146,Blog Text 146
Blog Title 147,Blog Text 147
Blog Title 148,Blog Text 148
Blog Title 149,Blog Text 149
Blog Title 150,Blog Text 150
Blog Title 151,Blog Text 151
Blog Title 152,Blog Text 152
Blog Title 153,Blog Text 153
Blog Title 154,Blog Text 154
Blog Title 155,Blog Text 155
Blog Title 156,Blog Text 156
Blog Title 157,Blog Text 157
Blog Title 158,Blog Text 158
Blog Title 159,Blog Text 159
Blog Title 160,Blog Text 160
Blog Title 161,Blog Text 161
Blog Title 162,Blog Text 162
Blog Title 163,Blog Text 163
Blog Title 164,Blog Text 164
Blog Title 165,Blog Text 165
Blog Title 166,Blog Text 166
Blog Title 167,Blog Text 167
Blog Title 168,Blog Text 168
Blog Title 169,Blog Text 169
Blog Title 170,Blog Text 170
Blog Title 171,Blog Text 171
Blog Title 172,Blog Text 172
Blog Title 173,Blog Text 173
Blog Title 174,Blog Text 174
Blog Title 175,Blog Text 175
Blog Title 176,Blog Text 176
Blog Title 177,Blog Text 177
Blog Title 178,Blog Text 178
Blog Title 179,Blog Text 179
Blog Title 180,Blog Text 180
Blog Title 181,Blog Text 181
Blog Title 182,Blog Text 182
Blog Title 183,Blog Text 183
Blog Title 184,Blog Text 184
Blog Title 185,Blog Text 185
Blog Title 186,Blog Text 186
Blog Title 187,Blog Text 187
Blog Title 188,Blog Text 188
Blog Title 189,Blog Text 189
Blog Title 190,Blog Text 190
Blog Title 191,Blog Text 191
Blog Title 192,Blog Text 192
Blog Title 193,Blog Text 193
Blog Title 194,Blog Text 194
Blog Title 195,Blog Text 195
Blog Title 196,Blog Text 196
Blog Title 197,Blog Text 197
Blog Title 198,Blog Text 198
Blog Title 199,Blog Text 199
Blog Title 200,Blog Text 200
